{"cameraMode":{"drawMode":0,"name":"Shaded","section":"Shading Mode"},"sceneLighting":true,"audioPlay":false,"sceneViewState":{"showFog":true,"showMaterialUpdate":true,"showSkybox":true,"showFlares":true,"showImageEffects":true,"showParticleSystems":true},"in2DMode":false,"pivot":{"x":235.18821716308595,"y":66.44233703613281,"z":71.53146362304688},"rotation":{"x":0.20739267766475678,"y":-0.5160703659057617,"z":0.13040070235729218,"w":0.8207696080207825},"size":10.0,"orthographic":false}