{"cameraMode":{"drawMode":0,"name":"Shaded","section":"Shading Mode"},"sceneLighting":false,"audioPlay":false,"sceneViewState":{"showFog":true,"showMaterialUpdate":true,"showSkybox":false,"showFlares":true,"showImageEffects":true,"showParticleSystems":true},"in2DMode":false,"pivot":{"x":-3.5762786865234377e-7,"y":0.0,"z":3.5762786865234377e-7},"rotation":{"x":0.049774184823036197,"y":-0.914814829826355,"z":0.11895851790904999,"w":0.3827848434448242},"size":4.666902542114258,"orthographic":false}